<?xml version="1.0" encoding="UTF-8"?>
<beans xmlns="http://www.springframework.org/schema/beans"
	xmlns:xsi="http://www.w3.org/2001/XMLSchema-instance"
	xmlns:context="http://www.springframework.org/schema/context"
	xmlns:mvc="http://www.springframework.org/schema/mvc"
	xmlns:tx="http://www.springframework.org/schema/tx"
	xsi:schemaLocation="http://www.springframework.org/schema/mvc http://www.springframework.org/schema/mvc/spring-mvc-4.3.xsd
		http://www.springframework.org/schema/beans http://www.springframework.org/schema/beans/spring-beans.xsd
		http://www.springframework.org/schema/context http://www.springframework.org/schema/context/spring-context-4.3.xsd
		http://www.springframework.org/schema/tx http://www.springframework.org/schema/tx/spring-tx-4.3.xsd">

	<context:component-scan base-package="com.dev" />
	
	<mvc:annotation-driven />
	
	<mvc:resources location="/WEB-INF/resources/" mapping="/resources/**" />
	
<!-- 		숫자나 문자열을 넘는 개념. 동영상,이미지,음성파일 -->
	<bean id="multipartResolver" 
		class="org.springframework.web.multipart.commons.CommonsMultipartResolver">
						<!-- 파일크기는 바이트 단위. 10메가 정도 된다. -->
		<property name="maxUploadSize" value="10485760"/>
						<!-- 인코딩은 어느 파일이던 중요하다 -->
		<property name="defaultEncoding" value="UTF-8"/>
	</bean>
	
	
	<bean id="viewResolver" 
		class="org.springframework.web.servlet.view.InternalResourceViewResolver">
		<property name="prefix" value="/WEB-INF/view/" />
		<property name="suffix" value=".jsp" />
	</bean>
	
	<tx:annotation-driven transaction-manager="transactionManager"/>	
	
</beans>
